{
	"info": {
		"_postman_id": "ecd60d94-fa85-4f4e-bafe-688476726e6c",
		"name": "EVA Project",
		"schema": "https://schema.getpostman.com/json/collection/v2.1.0/collection.json"
	},
	"item": [
		{
			"name": "Noticias",
			"request": {
				"method": "POST",
				"header": [],
				"body": {
					"mode": "raw",
					"raw": "{\n    \"manchete\" : \"O João é muito lindo.\",\n    \"url\" : \"http://instagram.com\",\n    \"tema\": \"Aprender a tocar violão.\"\n}",
					"options": {
						"raw": {
							"language": "json"
						}
					}
				},
				"url": {
					"raw": "http://127.0.0.1:1880/noticias",
					"protocol": "http",
					"host": [
						"127",
						"0",
						"0",
						"1"
					],
					"port": "1880",
					"path": [
						"noticias"
					]
				}
			},
			"response": []
		},
		{
			"name": "Noticias",
			"request": {
				"method": "GET",
				"header": [],
				"url": {
					"raw": "http://127.0.0.1:1880/noticias",
					"protocol": "http",
					"host": [
						"127",
						"0",
						"0",
						"1"
					],
					"port": "1880",
					"path": [
						"noticias"
					]
				}
			},
			"response": []
		},
		{
			"name": "Noticias",
			"request": {
				"method": "DELETE",
				"header": [],
				"body": {
					"mode": "raw",
					"raw": "{\n        \"_id\": \"dd538278c108f410f7c227e152fc4dc2\",\n        \"_rev\": \"1-f298b6a73d62347fdb25f72fc85a0276\",\n        \"teste\": \"Este é um teste.\"\n    }",
					"options": {
						"raw": {
							"language": "json"
						}
					}
				},
				"url": {
					"raw": "http://127.0.0.1:1880/noticias",
					"protocol": "http",
					"host": [
						"127",
						"0",
						"0",
						"1"
					],
					"port": "1880",
					"path": [
						"noticias"
					]
				}
			},
			"response": []
		}
	]
}